{"id":"SERVICE_DEFINITION_MODEL-362cf688-2a82-4abd-902c-1387df598e52","name":"UIT_111_ServiceModel_Auditing_Service_2","key":"uIT_111_ServiceModel_Auditing_Service_2","description":null,"tenantId":"default","editorJson":{"type":"REST","operations":[{"name":"FindAllByUserId","key":"findAllByUserId","inputParameters":[{"displayName":"UserId","name":"userId","mappingName":"userId","required":false,"type":"string"}],"outputParameters":[{"displayName":"Service ID","name":"id","nullValueConfig":"setToNull","missingValueConfig":"ignore","mappingName":"id","type":"integer"},{"displayName":"Service Name","name":"name","nullValueConfig":"setToNull","missingValueConfig":"ignore","mappingName":"name","type":"string"},{"displayName":"Team","name":"unit","nullValueConfig":"setToNull","missingValueConfig":"ignore","mappingName":"unit","type":"string"},{"displayName":"Audit Due Date","name":"auditDue","nullValueConfig":"setToNull","missingValueConfig":"ignore","mappingName":"auditDue","type":"string"}],"config":{"url":"?userId=${userId}","method":"GET","outputPath":"/data"},"type":"search"},{"name":"Update","key":"update","inputParameters":[{"displayName":"Service ID","name":"id","mappingName":"id","required":false,"type":"integer"}],"outputParameters":[],"config":{"url":"","method":"POST","outputPath":""},"type":"update"},{"name":"updateAuditDate","key":"updateAuditDate","inputParameters":[{"displayName":"serviceId","name":"serviceId","mappingName":"serviceId","required":false,"type":"integer"}],"outputParameters":[],"config":{"method":"POST"},"type":"update"}],"config":{"baseUrl":"http://nifi1:8000/uit_111/auditing"},"referenceKey":"uIT_111_DataObj_Audit_Service_Dashboard","tenantId":"default","outputParameters":[{"displayName":"Service ID","name":"id","nullValueConfig":"setToNull","missingValueConfig":"ignore","mappingName":"id","type":"integer"},{"displayName":"Service Name","name":"name","nullValueConfig":"setToNull","missingValueConfig":"ignore","mappingName":"name","type":"string"},{"displayName":"Team","name":"unit","nullValueConfig":"setToNull","missingValueConfig":"ignore","mappingName":"unit","type":"string"},{"displayName":"Audit Due Date","name":"auditDue","nullValueConfig":"setToNull","missingValueConfig":"ignore","mappingName":"auditDue","type":"string"}],"lookupId":"id"}}