{"id":"SERVICE_DEFINITION_MODEL-e11b3356-e1b8-47e0-8405-59c5b016e183","name":"UIT_111_ServiceModal_Auditing_Service","key":"uIT_111_ServiceModal_Auditing_Service","description":null,"tenantId":"default","editorJson":{"type":"REST","config":{"baseUrl":"http://nifi1:8000/uit_111/auditing"},"operations":[{"name":"Lookup","key":"findById","inputParameters":[{"displayName":"ID","name":"id","mappingName":"id","required":false,"type":"integer"}],"outputParameters":[],"config":{"url":"/${id}","method":"GET"},"type":"lookup"},{"name":"Create","key":"create","inputParameters":[{"displayName":"ID","name":"id","mappingName":"id","required":false,"type":"integer"},{"displayName":"Name","name":"name","mappingName":"name","required":false,"type":"string"},{"displayName":"Cat1","name":"cat1","mappingName":"cat1","required":false,"type":"string"},{"displayName":"Cat2","name":"cat2","mappingName":"cat2","required":false,"type":"string"},{"displayName":"Cat3","name":"cat3","mappingName":"cat3","required":false,"type":"string"},{"displayName":"Cat4","name":"cat4","mappingName":"cat4","required":false,"type":"string"},{"displayName":"Action","name":"action","mappingName":"action","required":false,"type":"string"}],"outputParameters":[],"config":{"method":"POST"},"type":"create"},{"name":"Update","key":"update","inputParameters":[{"displayName":"ID","name":"id","mappingName":"id","required":false,"type":"integer"},{"displayName":"Name","name":"name","mappingName":"name","required":false,"type":"string"},{"displayName":"Cat1","name":"cat1","mappingName":"cat1","required":false,"type":"string"},{"displayName":"Cat2","name":"cat2","mappingName":"cat2","required":false,"type":"string"},{"displayName":"Cat3","name":"cat3","mappingName":"cat3","required":false,"type":"string"},{"displayName":"Cat4","name":"cat4","mappingName":"cat4","required":false,"type":"string"},{"displayName":"Action","name":"action","mappingName":"action","required":false,"type":"string"}],"outputParameters":[],"config":{"url":"/${id}","method":"PUT"},"type":"update"},{"name":"Delete","key":"delete","inputParameters":[{"displayName":"ID","name":"id","mappingName":"id","required":false,"type":"integer"}],"config":{"url":"/${id}","method":"DELETE"},"type":"delete"},{"name":"findAllByDept","key":"findAllByDept","inputParameters":[{"displayName":"DeptId","name":"deptId","mappingName":"deptId","required":true,"type":"integer"}],"outputParameters":[],"config":{"url":"?deptId=${deptId}","method":"GET","outputPath":"/data"},"type":"search"},{"name":"FindAllByUserId","key":"findAllByUserId","inputParameters":[{"displayName":"UserId","name":"userId","mappingName":"userId","required":true,"type":"string"}],"config":{"url":"?userId=${userId}","method":"GET","outputPath":"/data"},"type":"search"}],"lookupId":"id","tenantId":"default","referenceKey":"akash_ServicesByDept","outputParameters":[{"displayName":"Id","name":"id","nullValueConfig":"setToNull","missingValueConfig":"ignore","mappingName":"id","type":"integer"},{"displayName":"Name","name":"name","nullValueConfig":"setToNull","missingValueConfig":"ignore","mappingName":"name","type":"string"},{"displayName":"Userid","name":"userid","nullValueConfig":"setToNull","missingValueConfig":"ignore","mappingName":"userid","type":"string"},{"displayName":"Description","name":"description","nullValueConfig":"setToNull","missingValueConfig":"ignore","mappingName":"description","type":"string"},{"displayName":"Unit","name":"unit","nullValueConfig":"setToNull","missingValueConfig":"ignore","mappingName":"unit","type":"string"},{"displayName":"Audit Due Date","name":"auditDue","nullValueConfig":"setToNull","missingValueConfig":"ignore","mappingName":"auditDue","type":"string"}]}}