{"id":"DATA_OBJECT_MODEL-4d1667ac-fb31-40f5-aa5f-3b2598376a8c","name":"UIT_111_DataObj_Audit_Service_Dashboard","key":"uIT_111_DataObj_Audit_Service_Dashboard","description":null,"tenantId":"default","editorJson":{"fieldMappings":[{"label":"Service ID","name":"id","type":"INT","lookupId":true,"description":""},{"label":"Service Name","name":"name","type":"STRING","lookupId":false,"description":""},{"label":"Team","name":"unit","type":"STRING","lookupId":false,"description":""},{"label":"Audit Due Date","name":"auditDue","type":"STRING","lookupId":false,"description":""}],"dataObjectType":"serviceRegistryDataObject","sourceId":"flowableServiceRegistryDataSource","definitionIdentityLinks":{"queryInstances":{"groups":["flowableUser"]},"createInstances":{"groups":["flowableUser"]},"deleteInstances":{"groups":["flowableUser"]},"updateInstances":{"groups":["flowableUser"]}},"instanceIdentityLinks":[{"type":"owner","groups":["flowableUser"]},{"type":"watcher","groups":["flowableUser"]}],"referencedServiceDefinitionModelKey":"uIT_111_ServiceModel_Auditing_Service_2"}}