{"id":"APP_MODEL-8f482e63-aeed-4849-a6d9-186576dde3e6","name":"UIT_111_SCAMP_Dashboard","key":"uIT_111_SCAMP_Dashboard","description":"","editorJson":{"models":[{"id":"PROCESS_MODEL-3c6082e5-7f89-46f7-8a6b-356fbe9611d4","name":"UIT_111_Process_Update_Audit_Service","version":23,"modelType":0,"createdBy":"akashb21","lastUpdatedBy":"akashb21","lastUpdated":"2023-04-20T00:46:06.424+00:00","lockedBy":"akashb21","lockedAt":"2023-04-10T19:36:55.724+00:00","key":"uIT_111_Process_Update_Audit_Service","tenantId":"default","tags":[],"modelLockingEnabled":true,"modelEditable":true,"isModelEditable":true,"isModelLockingEnabled":true}],"cmmnModels":[],"formModels":[{"id":"FORM_MODEL-0172ca78-e55e-4e24-bcb1-7dd1e7b621d6","name":"UIT_111_StartForm","version":7,"modelType":2,"description":"Read payload send when user click on service raw at dashabord.","createdBy":"gary1919","lastUpdatedBy":"sarang","lastUpdated":"2023-04-10T20:05:47.756+00:00","lockedBy":"sarang","lockedAt":"2023-01-19T23:21:02.784+00:00","key":"uit111StartForm","tenantId":"default","tags":[],"modelLockingEnabled":true,"modelEditable":false,"isModelEditable":false,"isModelLockingEnabled":true},{"id":"FORM_MODEL-5024384b-caac-45fd-a531-8d15291a1c8e","name":"UIT_111_Audit_StartForm","version":1,"modelType":2,"description":"Read payload send when user click on Complete Audit button on Audit Dashabord.","createdBy":"akashb21","lastUpdatedBy":"akashb21","lastUpdated":"2023-04-10T20:23:57.664+00:00","lockedBy":"akashb21","lockedAt":"2023-04-10T20:23:57.663+00:00","key":"uit111AuditStartForm","tenantId":"default","tags":[]}],"dmnModels":[],"decisionServiceModels":[],"workModels":[{"id":"DATA_OBJECT_MODEL-4d1667ac-fb31-40f5-aa5f-3b2598376a8c","name":"UIT_111_DataObj_Audit_Service_Dashboard","version":2,"modelType":11,"createdBy":"akashb21","lastUpdatedBy":"akashb21","lastUpdated":"2023-04-10T14:41:26.155+00:00","lockedBy":"akashb21","lockedAt":"2023-04-10T12:49:59.674+00:00","key":"uIT_111_DataObj_Audit_Service_Dashboard","tenantId":"default","tags":[],"modelLockingEnabled":true,"modelEditable":true,"isModelEditable":true,"isModelLockingEnabled":true},{"id":"SERVICE_DEFINITION_MODEL-e11b3356-e1b8-47e0-8405-59c5b016e183","name":"UIT_111_ServiceModal_Auditing_Service","version":1,"modelType":13,"createdBy":"akashb21","lastUpdatedBy":"akashb21","lastUpdated":"2023-04-10T14:33:15.126+00:00","lockedBy":"akashb21","lockedAt":"2023-04-10T14:33:15.118+00:00","key":"uIT_111_ServiceModal_Auditing_Service","tenantId":"default","tags":[],"modelLockingEnabled":true,"modelEditable":true,"isModelEditable":true,"isModelLockingEnabled":true},{"id":"SERVICE_DEFINITION_MODEL-362cf688-2a82-4abd-902c-1387df598e52","name":"UIT_111_ServiceModel_Auditing_Service_2","version":15,"modelType":13,"createdBy":"akashb21","lastUpdatedBy":"akashb21","lastUpdated":"2023-04-10T18:12:38.551+00:00","lockedBy":"akashb21","lockedAt":"2023-04-10T14:37:35.260+00:00","key":"uIT_111_ServiceModel_Auditing_Service_2","tenantId":"default","tags":[],"modelLockingEnabled":true,"modelEditable":true,"isModelEditable":true,"isModelLockingEnabled":true},{"id":"ACTION_MODEL-d714e6e3-0698-4c07-b1b3-788d70d6b9d8","name":"UIT_111_Action_Update_Audit_Service","version":22,"modelType":6,"createdBy":"akashb21","lastUpdatedBy":"akashb21","lastUpdated":"2023-04-11T18:29:58.335+00:00","lockedBy":"akashb21","lockedAt":"2023-04-10T15:13:43.754+00:00","key":"uIT_111_Action_Update_Audit_Service","tenantId":"default","tags":[],"modelLockingEnabled":true,"modelEditable":true,"isModelEditable":true,"isModelLockingEnabled":true}],"linkedModels":[],"pages":[{"id":"PAGE_MODEL-b7c6dbd2-7e7a-4509-a4cf-4557bb7b22c7","name":"UIT_111_Page_Dashboard","version":16,"modelType":9,"description":"","createdBy":"akashb21","lastUpdatedBy":"akashb21","lastUpdated":"2023-04-27T12:35:16.626+00:00","lockedBy":"akashb21","lockedAt":"2023-04-10T12:38:57.360+00:00","key":"uIT_111_Page_Dashboard","tenantId":"default","tags":[],"label":"UIT_111_Page_Dashboard","url":"uIT_111_Page_Dashboard","i18n":{},"modelLockingEnabled":true,"modelEditable":true,"isModelEditable":true,"isModelLockingEnabled":true}],"theme":"theme-1","icon":"glyphicon-asterisk","flowApp":true,"i18n":{},"isRelease":false}}