{"id":"ACTION_MODEL-d714e6e3-0698-4c07-b1b3-788d70d6b9d8","name":"UIT_111_Action_Update_Audit_Service","key":"uIT_111_Action_Update_Audit_Service","description":null,"tenantId":"default","editorJson":{"ignoreConfirmationMessage":false,"channels":[],"mappedTypes":[],"mappedSubTypes":[],"mappedStates":[],"mappedSubStates":[],"permissionUserIdentityLinkTypes":[],"permissionGroups":[],"signalName":"uIT_111_Process_Update_Audit_Service","botKey":"bpmn-start-process-instance-bot","confirmationTitle":"Please Confirm!","confirmationMessage":"Are you sure you want to audit this service?","confirmationMessageCode":"","confirmationTitleCode":"","icon":"check-circle/regular","form":"","scopeType":"document"}}